,tree_learner_serial,tree_learner_feature,tree_learner_data,tree_learner_voting,boosting_gbdt,boosting_dart,feature_fraction_0.4,feature_fraction_0.6,feature_fraction_0.8,feature_fraction_1.0,is_unbalance_True,is_unbalance_False,min_data_in_leaf_10,min_data_in_leaf_20,min_data_in_leaf_30,min_data_in_leaf_40,min_data_in_leaf_50,max_depth_1,max_depth_5,max_depth_10,max_depth_15,max_depth_20
AUC,0.6860523958799821,0.6860523958799821,0.6860523958799821,0.6860523958799821,0.6860523958799821,0.6860523958799821,0.5993954321540528,0.6860523958799821,0.6860523958799821,0.6860523958799821,0.6370286609941782,0.6860523958799821,0.6860523958799821,0.6860523958799821,0.6860523958799821,0.658909538737125,0.6860523958799821,0.6860523958799821,0.6860523958799821,0.6860523958799821,0.6860523958799821,0.6860523958799821
Accuracy,0.602834008097166,0.602834008097166,0.602834008097166,0.602834008097166,0.602834008097166,0.602834008097166,0.5101214574898786,0.602834008097166,0.602834008097166,0.602834008097166,0.6493927125506073,0.602834008097166,0.602834008097166,0.602834008097166,0.602834008097166,0.5817813765182186,0.602834008097166,0.602834008097166,0.602834008097166,0.602834008097166,0.602834008097166,0.602834008097166
Precision,0.39185770750988147,0.39185770750988147,0.39185770750988147,0.39185770750988147,0.39185770750988147,0.39185770750988147,0.32833444816053514,0.39185770750988147,0.39185770750988147,0.39185770750988147,0.40206959706959705,0.39185770750988147,0.39185770750988147,0.39185770750988147,0.39185770750988147,0.3744664031620554,0.39185770750988147,0.39185770750988147,0.39185770750988147,0.39185770750988147,0.39185770750988147,0.39185770750988147
Recall,0.8654545454545455,0.8654545454545455,0.8654545454545455,0.8654545454545455,0.8654545454545455,0.8654545454545455,0.790909090909091,0.8654545454545455,0.8654545454545455,0.8654545454545455,0.6127272727272727,0.8654545454545455,0.8654545454545455,0.8654545454545455,0.8654545454545455,0.8254545454545454,0.8654545454545455,0.8654545454545455,0.8654545454545455,0.8654545454545455,0.8654545454545455,0.8654545454545455
