,tree_learner_serial,tree_learner_feature,tree_learner_data,tree_learner_voting,boosting_gbdt,boosting_dart,feature_fraction_0.4,feature_fraction_0.6,feature_fraction_0.8,feature_fraction_1.0,is_unbalance_True,is_unbalance_False,min_data_in_leaf_10,min_data_in_leaf_20,min_data_in_leaf_30,min_data_in_leaf_40,min_data_in_leaf_50,max_depth_1,max_depth_5,max_depth_10,max_depth_15,max_depth_20
AUC,0.628547619047619,0.628547619047619,0.628547619047619,0.628547619047619,0.628547619047619,0.5844761904761905,0.6269047619047619,0.6240714285714286,0.6153809523809523,0.613547619047619,0.6021904761904763,0.628547619047619,0.628547619047619,0.628547619047619,0.628547619047619,0.6134047619047619,0.6198333333333335,0.6240714285714285,0.628547619047619,0.628547619047619,0.628547619047619,0.628547619047619
Accuracy,0.6858299595141701,0.6858299595141701,0.6858299595141701,0.6858299595141701,0.6858299595141701,0.6547908232118758,0.6909581646423752,0.6805668016194332,0.6755735492577597,0.6704453441295546,0.639136302294197,0.6858299595141701,0.6858299595141701,0.6858299595141701,0.6858299595141701,0.6705802968960863,0.6705802968960863,0.6807017543859649,0.6858299595141701,0.6858299595141701,0.6858299595141701,0.6858299595141701
Precision,0.6265151515151515,0.6265151515151515,0.6265151515151515,0.6265151515151515,0.6265151515151515,0.5925757575757575,0.6722510822510823,0.6247918747918748,0.6106060606060606,0.5946464646464646,0.52,0.6265151515151515,0.6265151515151515,0.6265151515151515,0.6265151515151515,0.6047619047619047,0.583045843045843,0.625,0.6265151515151515,0.6265151515151515,0.6265151515151515,0.6265151515151515
Recall,0.40476190476190477,0.40476190476190477,0.40476190476190477,0.40476190476190477,0.40476190476190477,0.30761904761904757,0.3771428571428571,0.4038095238095238,0.3780952380952381,0.3914285714285714,0.45904761904761904,0.40476190476190477,0.40476190476190477,0.40476190476190477,0.40476190476190477,0.3904761904761905,0.41999999999999993,0.4038095238095238,0.40476190476190477,0.40476190476190477,0.40476190476190477,0.40476190476190477
