rmse,mae,r2
5.113587796777998,4.032717928132355,0.27485528397235637
