rmse,mae,r2
5.129769222526072,3.9307105236210176,0.2702587301746988
