rmse,mae,r2
11.930871199946951,9.59377496954389,0.3605646277929804
