,updrs_1,updrs_2,updrs_3
colsample_bytree,0.970757221693757,0.9036286590547646,0.6863256427614786
learning_rate,0.9835668264286577,0.17455113636401529,0.9101256658806474
max_depth,8.0,2.0,6.0
min_child_weight,1.2325864748203452,2.7975180017133723,13.387500186967719
min_split_gain,0.007964040585614073,0.2978757291694001,0.004011415253072877
reg_alpha,7.437593735288674,1.5436778945279928,4.159710062052169
reg_lambda,7.499284502976287,3.401574051688944,1.926977284964978
subsample,0.7286661893753408,0.948910131036216,0.8396550111985219
