,updrs_1,updrs_2,updrs_3
colsample_bytree,0.7889550744051059,0.7675949071590265,0.8644209363959817
gamma,0.08790057848915755,0.0012949460763949888,0.0015022831382055129
learning_rate,0.5305292874654182,0.5277457336747287,0.7719623290443977
max_depth,4.0,1.0,7.0
min_child_weight,0.23644204951866857,0.9185637515873329,2.586700269613973
reg_alpha,2.299038235392449,0.27324466804256975,4.413904395183996
reg_lambda,1.6474661293009238,2.3838775879012237,2.9012941705774966
subsample,0.6219217800767055,0.7303996308470037,0.7684830668535508
