iter	Logloss
0	0.6766278036
1	0.6606506594
