updrs,params
updrs_1,"{'alpha': 0.5257956505040285, 'colsample_bytree': 0.8287113558645032, 'eta': 0.0794830453207115, 'gamma': 0.4925964546166595, 'lambda': 0.6050441837007349, 'max_depth': 5.0, 'min_child_weight': 4.0, 'subsample': 0.7010679697820885}"
