updrs,params
updrs_2,"{'alpha': 0.6835394060411769, 'colsample_bytree': 0.9654356582664135, 'eta': 0.052103238600164706, 'gamma': 0.1707003055267836, 'lambda': 0.7712917797923574, 'max_depth': 5.0, 'min_child_weight': 3.0, 'subsample': 0.7965260785527792}"
