rmse,mae,r2
12.14659782168376,9.713211920648368,0.33723182461868406
