updrs,params
updrs_3,"{'colsample_bytree': 0.8970201154322068, 'learning_rate': 0.06891946433492926, 'max_depth': 14.0, 'min_child_weight': 4.0, 'min_split_gain': 0.9259724630527069, 'reg_alpha': 0.26625341497072574, 'reg_lambda': 0.9350574688471839, 'subsample': 0.9720282075042033}"
