updrs,params
updrs_1,"{'colsample_bytree': 0.6955246612385886, 'learning_rate': 0.03840122231525395, 'max_depth': 20.0, 'min_child_weight': 1.0, 'min_split_gain': 0.9982657782936011, 'reg_alpha': 0.6850827459575045, 'reg_lambda': 0.6083153731512075, 'subsample': 0.8180155299613956}"
