rmse,mae,r2
4.4848195128580866,3.4751733740261868,0.2870648379738525
