updrs,MAE,MSE,R2
updrs_1,4.215070999557919,28.291862656292658,-0.002816880463684557
updrs_2,4.857015072196477,36.017711349325396,0.0011750868224866817
updrs_3,12.326854227025217,220.16026952438324,0.011011388737813821
updrs_4,2.284280789081958,8.150916480204527,0.0329742024776859
