Model,Target,SMAPE,R2,MAPE
rf_reg,updrs_1,37.43,0.8864508835587014,577160749998314.8
rf_reg,updrs_2,67.4,0.8920064682366576,1943210468431528.2
rf_reg,updrs_3,58.61,0.8984936138444566,4064775349879358.0
rf_reg,updrs_4,129.52,0.8578531370965423,1976834873342803.2
