rmse,mae,r2
4.605008572931609,3.4903207586404865,0.2483407941332425
