updrs,params
updrs_1,"{'alpha': 0.12978203569320196, 'colsample_bytree': 0.9968362421553433, 'eta': 0.06691941733100902, 'gamma': 0.11103810828463975, 'lambda': 0.49206751679411326, 'max_depth': 6.0, 'min_child_weight': 3.0, 'subsample': 0.7360463836996901}"
