updrs,params
updrs_3,"{'alpha': 0.629634803407933, 'colsample_bytree': 0.9566374273676768, 'eta': 0.0967834069223611, 'gamma': 0.8373630676417436, 'lambda': 0.7430470437804755, 'max_depth': 5.0, 'min_child_weight': 2.0, 'subsample': 0.7371703866324475}"
